Date,Project Name,Agreement #:,Quote Deadline,Decision Deadline,Shipping Budget,Decision Status,Official 3PL Outbound Decision,Official 3PL Inbound Decision,Offical 3PL Notified? Y/N,BOL Status,Logistics Status,Project Address,State Project is in,Meal Count,Meal Type,Shipping Quote Form Made?,Total  Miles (Each Way),Total Miles (Round Trip),Warehouse Packing Deadline,Outbound Delivery Date,Weekday #,Weekend Delivery,Outbound Liftgate? Yes or No,Outbound Volume,FTL (10 or more),Outbound Weight ,OB Quote #1- Company,OB Quote #1- Cost,OB Quote #2- Company,OB Quote #2- Cost,OB Quote #3- Company,OB Quote #3- Cost,Outbound Quote Final,Inbound Warehouse ,Inbound Pickup Date,Weekday #,Weekend Delivery,Inbound Pickup Liftgate?,Inbound Volume,FTL (10 or more),Inbound Weight,Inbound Quote #1- Company,Inbound Quote #1- Cost,Inbound Quote #2- Company,Inbound Quote #2- Cost,Inbound Quote #3- Company,Inbound Quote #3- Cost,Inbound Quote Final
01/10/2019,Cigna,3036,12/20/2018,1/3/2019,"$2,200.00",,Astra,Astra,,,,"1601 Chestnut St Two Liberty Place Philadelphia, PA 19192",PA,"25,000",Hamburger Hero,,778,"1,556",12/27/2019,1/4/2019,6,FALSE,Yes,3,n,"2,940",Astra,,,,,,"$1,156.56",IL,1/11/2019,6,FALSE,yes,2,n,"1,391",Astra,,,,,,$661.51
4/9/2019,JPMC- San Francisco,3154,3/19/2019,4/2/2019,"$3,000.00",Complete,Priority1,Priority1,Y,Obtained,Complete,"560 Mission St, Floor 23, San Francisco, CA 34105",CA,"30,000",IVP,Yes,594,"1,188",3/28/2019,4/8/2019,2,FALSE,Yes,5,n,"4,979",Astra,"$2,070.10",Priority1,$856.07,CH,$577.88,$577.88,SLC,4/10/2019,4,FALSE,Yes,2,n,"2,203",Astra,$790.89,Priority1,$391.32,CH ,$347.88,$347.88
4/10/2019,"One Day, One Dog ",3025,3/20/2019,4/3/2019,"$1,700.00",Complete,CH Robinson,CH Robinson,Y,Obtained,Complete,"2805 Telefair Lane, Monroe NC 28110",NC,"37,500",RLJ,Yes,791,"1,582",4/4/2019,4/9/2019,3,FALSE,Yes,4,n,"6,227",Astra,"$1,655.93",Priority1,"$1,186.39",CH,$878.88,$878.88,IL,4/10/2019,4,FALSE,Yes,3,n,"2,743",Astra,$648.74,Priority1,$852.55,CH,$487.77,$487.77
4/10/2019,Wells Fargo- Dallas,3136,3/20/2019,4/3/2019,$300.00,Complete,DSA,DSA,,Created,Complete,"2222 N Stemmons Fwy, Dallas, TX 75207",TX,"22,500",RLJ,Yes (Not Finished),18,36,4/4/2019,4/10/2019,4,FALSE,TBD,3,n,"4,577",DSA,$242.50,Using DSA,,Using DSA,,$242.50,DFW,4/10/2019,4,FALSE,TBD,2,n,"1,582",DSA,$242.50,DSA,,DSA,,$242.50
4/10/2019,Travelers Insurance,3157,3/20/2019,4/3/2019,"$2,000.00",Complete,CH Robinson,Astra,Y,Obtained,Complete,"Midtown 188 14th Street NE, Atlanta GA 30361",GA,"15,000",RLJ,Yes (Not Finished),457,914,4/4/2019,4/9/2019,3,FALSE,TBD,2,n,"3,274",Astra,$675.00,CH,$677.00,Priority1,$519.10,$519.10,FL,4/10/2019,4,FALSE,TBD,2,n,"3,274",Astra,$475.00,CH,$327.87,Priority1,$547.86,$327.87
4/11/2019,Keller Williams Hunger Project,3088,3/21/2019,4/4/2019,$300.00,Complete,DSA,DSA,N,Obtained,Complete,"2106 E. State Hwy. 114 Suite #101 Southlake, TX 76092 
",TX,"10,000",RLJ,Yes,20,40,4/11/2019,4/11/2019,5,FALSE,Yes,2,n,"2,250",DSA,$125.00,Using DSA,,Using DSA,,$125.00,DFW,4/11/2019,5,FALSE,Yes,2,n,"1,250",DSA,$125.00,Using DSA,,Using DSA,,$125.00
4/11/2019,Comcast,3112,3/21/2019,4/4/2019,$0.00,Complete,CH Robinson,CH Robinson,Y,Obtained,Complete,"Loew's Sapphire Falls 6601 Adventure Way Orlando, FL 32819 ",FL,"75,000",RLJ,Yes,23,46,4/8/2019,4/11/2019,5,FALSE,No,6,n,"13,234",Priority1,$350.00,CH,$300.00,FedEx (Q: 1149668114),$308.48,$300.00,FL,4/11/2019,5,FALSE,No,6,n,"13,234",Priority1,$350.00,CH,$300.00,FedEx (Q: 1149780022),$235.60,$235.60
4/13/2019,LDS - Westminster Stake,3181,3/23/2019,4/6/2019,$0.00,Complete,Astra,Astra,Y,Obtained,Complete,"13370 Lowell BLVD Broomfield, CO 80020 United States",CO,"40,000",IVP,Yes,510,"1,020",4/3/2019,4/5/2019,6,FALSE,Yes,6,n,"6,046",Astra,$925.00,Priority1,$749.05,CH,$658.84,$658.84,SLC,4/15/2019,2,FALSE,Yes,2,n,"2,324",Astra,$458.51,Priority1,$429.36,CH,$337.98,$337.98
4/24/2019,International Leadership Summit,3037,4/3/2019,4/17/2019,$0.00,Complete,CH Robinson,CH Robinson,Y,Obtained,Complete,"333 S Franklin St Tampa, FL 33602",FL,"100,000",RLJ,Yes,99,198,4/19/2019,4/23/2019,3,FALSE,No,8,n,"17,487",CH,$500.00,Priority1,$450.00,Astra,$625.00,$450.00,FL,4/24/2019,4,FALSE,No,3,n,"4,600",74,$218.88,Priority 1,$203.33,Astra,$287.12,$203.33
4/24/2019,Bridge Property Management Project,3113,4/3/2019,4/17/2019,$0.00,Complete,DSA,DSA,Y,Obtained,Complete,"Hilton Salt Lake City Center 255 S W Temple, Salt Lake City, UT 84101",UT,"50,000",RLJ,Yes,7,14,4/15/2019,4/24/2019,4,FALSE,No,5,n,"9,500",CH,$350.00,DSA,$450.00,Priority1,$390.00,$350.00,SLC,4/24/2019,4,FALSE,No,5,n,"9,500",CH,$350.00,DSA,$450.00,Priority1,$300.00,$300.00
5/1/2019,Cigna Fights Hunger- NYC,3202,4/10/2019,4/24/2019,"$2,500.00",Complete,CH Robinson,CH Robinson,Y,Obtained,Complete,"Westin NY Grand Central 212 East 42nd Street, New York NY 10017",NY,"37,500",IVP,Yes,810,"1,620",4/19/2019,4/30/2019,3,FALSE,Yes,6,n,"5,694",Astra,"$1,549.01",CH,$968.78,Priority1,"$1,515.30",$968.78,IL,5/2/2019,5,FALSE,Yes,2,n,"2,900",Astra,$746.47,CH,$608.89,Priority1,$695.36,$608.89
5/2/2019,Wells Fargo- Orlando,3137,4/11/2019,4/25/2019,$300.00,Complete,CH Robinson,Astra,Y,Obtained,Complete,"Renaissance Orlando Airport 5445 Forbes Pl, Orlando FL 32812",FL,"22,500",RLJ,Yes ,24,48,4/26/2019,5/2/2019,5,FALSE,TBD,3,n,"4,739",Astra,$500.00,FedEx,$427.12,N/A,,$427.12,FL,5/2/2019,5,FALSE,TBD,2,n,"1,800",Astra,$250.00,FedEx,$420.00,CH,$257.78,$250.00
5/14/2019,Denver Broncos Boys & Girls Club HP,3199,4/23/2019,5/7/2019,$0.00,Complete,Astra,Astra,Y,Obtained,Complete,"Denver Broncos Boys & Girls Club 4397 Crown Blvd Denver, CO 80239 ",CO,"12,500",Hamburger Hero,Yes,382,764,,5/13/2019,2,FALSE,Yes,2,n,"2,246",Astra,$450.00,CH,$467.00,DSA,"$1,000.00",$450.00,,5/15/2019,4,FALSE,Yes,2,n,"1,302",Astra,$250.00,CH,$368.00,DSA,"$1,000.00",$250.00
5/16/2019,Voya Day Of Service- Atlanta,3214,4/25/2019,5/9/2019,"$1,000.00",Complete,Astra,Astra,N,Obtained,Complete,"5780 Powers Ferry Road NW, Atlanta GA 30327",GA,"20,000",Hamburger Hero,Yes,464,928,5/10/2019,5/15/2019,4,FALSE,No,3,n,"3,250",Astra,$572.24,CH,$400.00,FedEx,$452.93,$400.00,FL,5/16/2019,5,FALSE,No,2,n,"1,700",Astra,$271.09,CH,$400.00,FedEx,$340.00,$271.09
5/16/2019,Voya Day Of Service- Braintree,3215,4/25/2019,5/9/2019,"$1,000.00",Complete,FedEx,CH Robinson,Y,Obtained,Complete,"30 Braintree Hill Office Park, Braintree MA 02184",MA,"10,000",Hamburger Hero,Yes,"1,009","2,018",5/6/2019,5/15/2019,4,FALSE,Yes,2,n,"2,250",Astra,"$1,036.75",CH,$700.00,FedEx,$570.00,$570.00,IL,5/16/2019,5,FALSE,Yes,2,n,"1,500",Astra,$483.98,CH,$415.54,FedEx,$451.00,$415.54
5/16/2019,Voya Day Of Service- Lewiston,3217,4/25/2019,5/9/2019,"$1,000.00",Complete,Astra,Astra,Y,Obtained,Complete,"Residence Inn Marriott 670 Turner St., Auburn ME 04210",ME,"10,000",Hamburger Hero,Yes,"1,130","2,260",5/6/2019,5/15/2019,4,FALSE,Yes,2,n,"2,250",Astra,$595.00,CH,$607.00,FedEx,$613.95,$595.00,IL,5/16/2019,5,FALSE,Yes,2,n,"1,500",Astra,$418.35,CH,$387.18,FedEx,$427.00,$387.18
5/16/2019,Voya Day Of Service- Minneapolis,3219,4/25/2019,5/9/2019,"$1,000.00",Complete,CH Robinson,CH Robinson,Y,Obtained,Complete,"20 Washington Ave. South, Minneapolis MN 55402",MN,"15,000",Hamburger Hero,Yes,399,798,5/6/2019,5/15/2019,4,FALSE,Yes,2,n,"2,750",Astra,$885.77,CH,$387.98,FedEx,$450.00,$387.98,IL,5/16/2019,5,FALSE,Yes,2,n,"1,500",Astra,$433.75,CH,$257.88,FedEx,$420.00,$257.88
5/16/2019,Voya Day Of Service- NYC,3220,4/25/2019,5/9/2019,"$1,000.00",Complete,Astra,Astra,Y,Obtained,Complete,"230 Park Avenue, 13th Floor, New York NY 10169",NY,"20,000",Hamburger Hero,Yes,809,"1,618",5/6/2019,5/15/2019,4,FALSE,Yes,3,n,"3,250",Astra,$905.78,CH,$800.00,FedEx,$749.01,$749.01,IL,5/17/2019,6,FALSE,Yes,2,n,"1,600",Astra,$457.00,CH,$357.00,FedEx,$488.16,$357.00
5/16/2019,Voya Day Of Service- Scottsdale,3221,4/25/2019,5/9/2019,"$1,000.00",Complete,CH Robinson,CH Robinson,Y,Obtained,Complete,"7337 East Doubletree Ranch Rd. Suite 100, Scottsdale AZ 85258",AZ,"20,000",Hamburger Hero,Yes,"1,063","2,126",5/10/2019,5/15/2019,4,FALSE,Yes,3,n,"3,250",Astra,$675.00,CH,$693.00,FedEx,$630.00,$630.00,DFW,5/17/2019,6,FALSE,Yes,2,n,"1,600",Astra,$350.00,CH,$387.97,FedEx,$456.19,$350.00
5/16/2019,Voya Day Of Service- Somerset,3222,4/25/2019,5/9/2019,"$1,000.00",Complete,Astra,Astra,Y,Obtained,Complete,"Fairfield Inn 315 Davidson Avenue, Somerset NJ 08873",NJ,"10,000",Hamburger Hero,Yes,798,"1,596",5/6/2019,5/15/2019,4,FALSE,Yes,2,n,"2,250",Astra,$575.32,CH,$527.00,FedEx,$537.00,$527.00,IL,5/16/2019,5,FALSE,Yes,2,n,"1,500",Astra,$322.82,CH,$387.85,FedEx,$430.29,$322.82
5/16/2019,Voya Day Of Service- Tempe,3223,4/25/2019,5/9/2019,"$1,000.00",Complete,Astra,Astra,Y,Obtained,Complete,"1401 S. 52nd Street, Suite 115, Tempe AZ 85281",AZ,"10,000",Hamburger Hero,Yes,"1,051","2,102",5/10/2019,5/15/2019,4,FALSE,Yes,2,n,"2,250",Astra,$509.19,CH,$407.84,FedEx,$586.91,$407.84,DFW,5/16/2019,5,FALSE,Yes,2,n,"1,500",Astra,$311.63,CH,$328.25,FedEx,$502.74,$311.63
5/16/2019,Voya Day Of Service- Windsor,3224,4/25/2019,5/9/2019,"$1,000.00",Complete,Astra,Astra,Y,Obtained,Complete,"1 Orange Way, Windsor CT 06095",CT,"15,000",Hamburger Hero,Yes,918,"1,836",5/6/2019,5/15/2019,4,FALSE,No,2,n,"2,800",Astra,$637.67,CH,$789.00,FedEx,$547.22,$547.22,IL,5/16/2019,5,FALSE,No,2,n,"1,600",Astra,$308.31,CH,$287.00,FedEx,$344.28,$287.00
5/16/2019,Cheers Events,3237,4/25/2019,5/9/2019,$600.00,Complete,CH Robinson,CH Robinson,Y,Obtained,Complete,"Hyatt Regency Clearwater Beach 301 S Gulfview Blvd, Clearwater FL 33767",FL,"30,000",RLJ,Yes,123,246,5/10/2019,5/16/2019,5,FALSE,No,3,n,"6,000",Astra,$475.00,CH,$522.79,Priority1,$400.00,$400.00,FL,5/16/2019,5,FALSE,No,2,n,"2,000",Astra,$475.00,CH,$128.76,Priority1,$190.75,$128.76
5/19/2019,Chick-fil-a: Richmond Area Cookie Promotion,3178,4/28/2019,5/12/2019,"$2,000.00",Complete,Astra,Astra,Y,Obtained,Complete,"Atlas 42 4032 Cox Rd Suite A, Glen Allen VA 23060",VA,"33,000",Hamburger Hero,Yes,811,"1,622",5/8/2019,5/17/2019,6,FALSE,Yes,5,n,"5,250",Astra,$832.74,CH,"$1,142.37",FedEx,$619.49,$619.49,IL,5/20/2019,2,FALSE,Yes,3,n,"2,500",Astra,$518.54,CH,$538.77,FedEx,$389.28,$389.28
5/21/2019,Citi - Rye Brook,3183,4/30/2019,5/14/2019,"$2,375.00",Complete,Astra,Astra,Y,Obtained,Complete,"Hilton Westchester 699 Westchester Ave, Rye Brook, NY 10573",NY,"37,500",Hamburger Hero,Yes,835,"1,670",5/9/2019,5/20/2019,2,FALSE,Yes,5,n,"5,002",Astra,$856.28,CH,"$1,069.65",FedEx,$632.55,$632.55,IL,5/22/2019,4,FALSE,No,2,n,"1,963",Astra,$476.44,CH,$408.86,FedEx,$320.08,$320.08
5/22/2019,Citi Global Community Day - Gray,3105,5/1/2019,5/15/2019,"$2,600.00",Complete,CH Robinson,CH Robinson,Y,Obtained,Complete,"541 Sid Martin Rd, Gray, TN 37615",TN,"40,000",Hamburger Hero,Yes,609,"1,218",5/9/2019,5/21/2019,3,FALSE,Yes,4,n,"4,985",Astra,$730.00,CH,$784.32,FedEx,$482.81,$482.81,IL,5/22/2019,4,FALSE,Yes,2,n,"1,747",Astra,$370.00,CH,$328.87,FedEx,$200.45,$200.45
5/22/2019,Celgne Hunger Project,3236,5/1/2019,5/15/2019,"$3,000.00",Complete,Astra,Astra,Y,Obtained,Complete,"86 Morris Ave, Summit NJ 07901",NJ,"40,000",RLJ,Yes,793,"1,586",5/10/2019,5/21/2019,3,FALSE,Yes,4,n,"7,750",Astra,"$1,278.73",CH,"$1,370.26",FedEx,$905.96,$905.96,IL,5/22/2019,4,FALSE,Yes,4,n,"7,750",Astra,$998.78,CH,$977.88,FedEx,$814.43,$814.43
5/24/2019,Charles Schwab- Fort Worth,3197,5/3/2019,5/17/2019,$0.00,Complete,DSA,DSA,Y,Obtained,Complete,"4600 Alliance Gateway Freeway, Fort Worth TX 76177",TX,"15,000",Hamburger Hero,Yes,33,66,5/20/2019,5/23/2019,5,FALSE,No,4,n,"4,600",DSA,$242.50,Using DSA,,Using DSA,,$242.50,DFW,5/24/2019,6,FALSE,No,2,n,"3,600",DSA,$242.50,Using DSA,,Using DSA,,$242.50
5/29/2019,Vikings All Staff Volunteer Event,3250,5/8/2019,5/22/2019,$0.00,Complete,CH Robinson,CH Robinson,Y,Obtained,Complete,"Boys & Girls Club 701 E 39th Street, Minneapolis, MN 55407 ",MN,"35,000",IVP,Yes,399,798,5/17/2019,5/28/2019,3,FALSE,Yes,5,n,"5,600",Astra,$816.27,CH,"$1,056.46",FedEx,$431.43,$431.43,IL,5/29/2019,4,FALSE,Yes,3,n,"2,600",Astra,$563.14,CH,$407.85,FedEx,$275.28,$275.28
5/31/2019,Hilton 100th Anniversary Celebration,3243,5/10/2019,5/24/2019,$500.00,Complete,DSA,DSA,Y,Obtained,Complete,"Hilton Anatole 2201 N Stemmons Fwy, Dallas TX 75207",TX,"55,000",IVP,Yes,18,36,5/27/2019,5/30/2019,5,FALSE,No,8,n,"8,100",DSA,$262.50,CH,$310.00,Astra,$507.30,$262.50,DFW,5/31/2019,6,FALSE,No,3,n,"3,600",DSA,$262.50,CH,$178.86,Astra,$324.25,$178.86
6/2/2019,Kings Street Church HP,3229,5/12/2019,5/26/2019,"$2,000.00",Complete,Astra,Astra,Y,Obtained,Complete,"King Street Church 56 N 2nd St, Chambersburg PA 17201",PA,"30,000",IVP,Yes,642,"1,284",5/22/2019,5/30/2019,5,FALSE,Yes,4,n,"4,500",Astra,$906.99,CH,$971.88,FedEx,$556.63,$556.63,IL,5/30/2019,5,FALSE,Yes,2,n,"2,100",Astra,$489.90,CH,$399.98,FedEx (Q: 1184186027),$292.68,$292.68
6/5/2019,Citi Global Community Day- Sioux Falls,3107,5/15/2019,5/29/2019,"$4,000.00",Complete,CH Robinson,CH Robinson,Y,Obtained,Complete,"701 E. 60th St. N., Sioux Falls SD 57104",SD,"100,000",RLJ,Yes,559,"1,118",5/24/2019,6/4/2019,3,FALSE,No,7,n,"17,100",Astra,"$1,589.00",CH,"$1,335.00",FedEx (Q:1184205191),"$1,187.52","$1,187.52",IL,6/6/2019,5,FALSE,No,2,n,"3,600",Astra,$590.54,CH,$478.85,FedEx (Q: 1184213958),$335.82,$335.82
6/6/2019,Citi Global Community Day- Buffalo,3104,5/16/2019,5/30/2019,"$2,000.00",Complete,CH Robinson,CH Robinson,Y,Obtained,Complete,"540 Crosspoint, Getzville, NY 14068 ",NY,"25,000",IVP,Yes,563,"1,126",5/29/2019,6/5/2019,4,FALSE,No,3,n,"3,600",Astra,"$1,073.85",CH,$616.76,FedEx (Q: 1184219395),$350.42,$350.42,IL,6/6/2019,5,FALSE,No,2,n,"1,600",Astra,$424.87,CH,$237.77,FedEx (Q: 1184222031),$200.29,$200.29
6/6/2019,Pittsburg Steelers,3258,5/16/2019,5/30/2019,$0.00,Complete,Astra,Astra,Y,Obtained,Complete,"3400 South Water Street, Pittsburg PA 15203",PA,"15,000",IVP,Yes,482,964,5/24/2019,6/5/2019,4,FALSE,Yes,3,n,"2,900",Astra,$650.63,CH,$637.54,N/A (Must Use Box Truck),,$637.54,IL,6/6/2019,5,FALSE,Yes,2,n,"1,750",Astra,$273.12,CH,$307.99,N/A (Must Use Box Truck),-,$273.12
6/7/2019,Citi Global Community Day- Tucson,3108,5/17/2019,5/31/2019,"$4,000.00",Complete,Astra,Astra,Y,Obtained,Complete,"9030 S. Rita Rd, Tucson, AZ 85747 ",AZ,"60,000",RLJ,Yes,931,"1,862",5/28/2019,6/6/2019,5,FALSE,Yes,5,n,"10,700",Astra,"$1,687.32",CH,"$2,182.06",FedEx (Q: 1184231171),"$1,022.24","$1,022.24",DFW,6/7/2019,6,FALSE,Yes,2,n,"2,650",Astra,$600.53,CH,$509.85,FedEx (Q: 1184234834),$380.41,$380.41
6/7/2019,LDS- Wellsville Utah Stake Hunger Project,3130,5/17/2019,5/31/2019,$0.00,Complete,DSA,DSA,Y,Obtained,Complete,"LDS Institute Building 600 Darwin Ave, Logan UT 84321",UT,"30,000",RLJ,Yes,94,188,5/31/2019,6/7/2019,6,FALSE,Yes,4,n,"6,300",Astra,"$1,148.03",CH,$602.50,FedEx (Q: 1184242394),$313.94,$313.94,SLC,6/7/2019,6,FALSE,Yes,3,n,"2,100",Astra,$311.64,CH,$602.50,FedEx (Q: 1184245112),$275.28,$275.28
6/13/2019,GenNow EBRG,3160,5/23/2019,6/6/2019,"$1,000.00",Complete,DSA,DSA,Y,Obtained,Complete,"4333 Amon Carter Blvd, Fort Worth TX 76155",TX,"50,000",RLJ,Yes,5,10,6/5/2019,6/13/2019,5,FALSE,No,5,n,"9,250",Astra,$551.53,CH,$375.00,DSA,$237.50,$237.50,DFW,6/13/2019,5,FALSE,No,2,n,"2,700",Astra,$244.40,CH,$375.00,DSA,$237.50,$237.50
6/15/2019,G. Ray Bodley High School Student Senate,3166,5/25/2019,6/8/2019,"$1,000.00",Complete,CH Robinson,CH Robinson,Y,Obtained,Complete,"129 Curtis Street, Fulton NY 13069",NY,"10,000",Kidz Mac,Yes,"1,229","2,458",6/5/2019,6/14/2019,6,FALSE,Yes,3,n,"3,000",Astra,$816.17,CH,$842.84,FedEx (Q: 1190529954),$578.10,$578.10,FL,6/17/2019,2,FALSE,Yes,2,n,"1,200",Astra,$684.16,CH,$438.84,FedEx (Q: 1190533812),$371.67,$371.67
6/17/2019,Protivti Intern Challenge,3134,5/27/2019,6/10/2019,$300.00,Complete,CH Robinson,CH Robinson,Y,Obtained,Complete,"Loews Sapphire Falls 6601 Adventure Way, Orlando FL 32837",FL,"100,000",RLJ,Yes,32,64,6/11/2019,6/17/2019,2,FALSE,No,12,y,"18,000",Astra,$475.00,CH,$300.00,FedEx (Q: 1190542392),$409.95,$300.00,FL,6/17/2019,2,FALSE,No,3,n,"5,300",Astra,-,CH,$300.00,FedEx (Q: 1190545351),$257.25,$257.25
6/17/2019,Surge In The City,3252,5/27/2019,6/10/2019,$300.00,Complete,CH Robinson,CH Robinson,Y,Obtained,Complete,"735 Herndon Avenue, Orlando FL 32803",FL,"30,000",IVP,Yes,17,34,6/11/2019,6/14/2019,6,FALSE,Yes,4,n,"4,300",Astra,$426.19,CH,$367.40,FedEx (Q: 1199370857),$358.82,$358.82,FL,6/17/2019,2,FALSE,Yes,2,n,"1,800",Astra,$165.81,CH,$188.84,FedEx (Q: 1199372294),$358.82,$165.81
6/18/2019,49ers Annual Community Day,3270,5/28/2019,6/11/2019,"$1,200.00",Complete,CH Robinson,Astra,Y,Obtained,Complete,"4949 Marie P. DeBartolo Way, Santa Clara CA 95054",CA,"30,000",RLJ,Yes,761,"1,522",6/5/2019,6/17/2019,2,FALSE,No,3,n,"6,000",Astra,$831.35,CH,$662.69,FedEx (Q: 1195671299),$573.69,$573.69,SLC,6/18/2019,3,FALSE,No,2,n,"2,100",Astra,$315.23,CH,$297.78,FedEx (Q: 1195672781),$254.57,$254.57
6/20/2019,JPMC - Jacksonville,3239,5/30/2019,6/13/2019,"$2,000.00",Complete,Astra,Astra,Y,Obtained,Complete,"7301 Baymeadows Way, Jacksonville, FL 32256",FL,"30,000",IVP,Yes,119,238,6/14/2019,6/19/2019,4,FALSE,Yes,5,n,"5,000",Astra,$607.88,CH,$482.08,FedEx (Q: 1190704774),$283.99,$283.99,FL,6/20/2019,5,FALSE,Yes,2,n,"2,350",Astra,$285.76,CH,$207.98,Fedex (Q: 1190730109),$275.28,$207.98
6/21/2019,For The Strength of Youth,3168,5/31/2019,6/14/2019,$0.00,Complete,DSA,DSA,Y,Obtained,Complete,"Heber Valley Camp 6402 E. 1200 South, Heber City, UT 84032",UT,"40,000",RLJ,Yes,53,106,6/10/2019,6/21/2019,6,FALSE,Yes,5,n,"7,875",Astra,"$1,185.01",CH,$779.09,DSA,$250.00,$250.00,SLC,6/21/2019,6,FALSE,Yes,3,n,"2,500",Astra,$561.61,CH,$208.77,DSA,$250.00,$208.77
6/25/2019,Wells Fargo Merchant Services,3264,6/4/2019,6/18/2019,"$2,000.00",Complete,Astra,Astra,Y,Obtained,Complete,"First Data Building 1 Western MD Parkway, Hagerstown, MD 21740 ",MD,"25,000",IVP,Yes,647,"1,294",6/12/2019,6/24/2019,2,FALSE,Yes,4,n,"4,100",Astra,$815.33,CH,$934.97,FedEx (Q: 1193822609),$610.09,$610.09,IL,6/25/2019,3,FALSE,Yes,2,n,"2,000",Astra,$425.37,CH,$318.88,FedEx (Q: 1193824533),$366.13,$318.88
6/26/2019,JPMC- Milwaukee,3193,6/5/2019,6/19/2019,"$2,500.00",Complete,Astra,Astra,Y,Obtained,In Progress,"111 E Wisconsin Ave, Milwaukee, WI 53202 ",WI,"25,000",IVP,Yes,88,176,6/14/2019,6/25/2019,3,FALSE,Yes,3,n,"3,700",Astra,$531.08,CH,$452.63,FedEx (Q: 1193827221),$358.99,$358.99,IL,6/26/2019,4,FALSE,Yes,2,n,"1,700",Astra,$350.17,CH,$227.25,FedEx (Q: 1193829391),$358.99,$227.25
6/27/2019,Helping Florence Flourish,3228,6/6/2019,6/20/2019,"$1,500.00",Complete,CH Robinson,CH Robinson,Y,Obtained,Complete,"First Presbyterian Church 700 S Park Ave. Florence, SC 29501 United States",SC,"30,000",IVP,Yes,433,866,6/21/2019,6/26/2019,4,FALSE,Yes,5,n,"5,000",Astra- Requested,,CH,$639.51,FedEx (Q: 1193767373),$454.51,$454.51,FL,6/27/2019,5,FALSE,Yes,2,n,"2,350",Astra- Requested,,CH,$419.79,FedEx (Q: 1194092335),$350.28,$350.28
6/28/2019,Tommy Hilfiger,3281,6/7/2019,6/21/2019,$0.00,Complete,Astra,CH Robinson,Y,Obtained,Complete,"2829 North Commerce Parkway Miramar, FL 33025 United States",FL,"15,000",Hamburger Hero,Yes,237,474,6/21/2019,6/27/2019,5,FALSE,No,2,n,"1,900",Astra,$303.56,CH,$377.60,FedEx (Q: 1201814531),$346.24,$303.56,FL,6/28/2019,6,FALSE,No,2,n,"1,300",Astra,$222.50,CH,$128.88,FedEx (Q: 1201823758),$199.80,$128.88
7/12/2019,Triumph Group HP,3297,6/21/2019,7/5/2019,"$2,000.00",Complete,Astra,Astra,Y,Obtained,Complete,"1 Charter Oak Blvd, West Hartford CT 06133",CT,"45,000",RLJ,Yes,905,"1,810",7/1/2019,7/11/2019,5,FALSE,No,4,n,"7,950",Astra,"$1,115.00",CH,"$1,284.46",FedEx (Q: 1212947449),$902.97,$902.97,IL,7/15/2019,2,FALSE,No,2,n,"2,150",Astra,$285.00,CH,$277.77,FedEx (Q: 1212952347),$275.81,$275.81
7/17/2019,JPMC- Elign,3155,6/26/2019,7/10/2019,$200.00,Complete,Astra,Astra,Y,Obtained,Complete,"2500 West Field Drive, Elign IL 60124",IL,"35,000",IVP,Yes,30,60,7/5/2019,7/16/2019,3,FALSE,No,5,n,"5,500",Astra,$396.17,CH,$449.61,DSA,$400.00,$396.17,IL,7/17/2019,4,FALSE,No,2,n,"2,100",Astra,$210.75,CH,$108.79,DSA,$400.00,$108.79
7/17/2019,AADOM HP,3179,6/26/2019,7/10/2019,$0.00,Complete,Astra,Astra,Y,Obtained,Complete,"14100 Bonnet Creek Resort Lane, Orlando FL 32821",FL,"40,000",RLJ,Yes,31,62,7/11/2019,7/16/2019,3,FALSE,No,4,n,"7,750",Astra,$550.00,CH,$383.42,Fedex (Q: 1221663520),$207.98,$207.98,FL,7/18/2019,5,FALSE,No,4,n,"7,750",Astra,$550.00,CH,$227.76,FedEx (Q: 1221666477),$207.98,$207.98
7/17/2019,MLB Hunger Project,3259,6/26/2019,7/10/2019,$0.00,Complete,CH Robinson,CH Robinson,Y,Obtained,Complete,"245 Park Ave, New York NY 10167",NY,"10,000",IVP,Yes,"1,064","2,128",7/4/2019,7/16/2019,3,FALSE,No,2,n,"2,000",Astra,$744.80,CH,$688.18,Fedex (Q: 1217017303),$377.85,$377.85,FL,7/17/2019,4,FALSE,No,1,n,"1,300",Astra,$390.47,CH,$408.87,FedEx (Q: 1217022802),$312.03,$312.03
7/17/2019,EVERFI HP- Chicago Shipment,3325,6/26/2019,7/10/2019,$0.00,Complete,Astra,Astra,Y,Obtained,Complete,"870 9th Street NW, Washington DC 20001",DC,"60,000",IVP,Yes,722,"1,444",7/10/2019,7/16/2019,3,FALSE,No,5,n,"5,005",Astra,$787.11,CH,$670.64,N/A (Last Minute Project),,$670.64,IL,7/17/2019,4,FALSE,No,2,n,895,Astra,$324.20,CH,,N/A (Last Minute Project),,$324.20
7/19/2019,Lori Budge Family Reunion,3285,6/28/2019,7/12/2019,$300.00,Complete,DSA,DSA,Y,Obtained,Complete,"2195 East Pepperwood Drive, Sandy UT 84092",UT,"10,000",RLJ,Yes,24,48,7/12/2019,7/19/2019,6,FALSE,Yes,2,n,"2,310",Astra,$510.11,CH,$530.00,DSA,$175.00,$175.00,SLC,7/19/2019,6,FALSE,Yes,2,n,"1,300",Astra,$288.76,CH,$178.85,DSA,$175.00,$175.00
7/24/2019,LDS- Interfaith Community Service HP,3321,7/3/2019,7/17/2019,$0.00,Complete,CH Robinson,CH Robinson,Y,Obtained,Complete,"6111 Birch Lane, Nampa ID 83687",ID,"40,000",Hamburger Hero,Yes,358,716,7/11/2019,7/23/2019,3,FALSE,Yes,4,n,"5,200",Astra,$701.77,CH,$628.81,FedEx (Q:1223443224),$404.65,$404.65,SLC,7/24/2019,4,FALSE,Yes,2,n,"2,000",Astra,$301.32,CH,$257.98,FedEx (Q: 1223441224),$283.15,$257.98
7/25/2019,FIS Global HP,3319,7/4/2019,7/18/2019,$300.00,Complete,Astra,Astra,Y,Obtained,Complete,"2001 Summit Park Dr, Orlando FL 32810",FL,"20,000",IVP,Yes,13,26,7/18/2019,7/24/2019,4,FALSE,Yes,5,n,"6,000",Astra,$395.52,CH,$424.36,FedEx (Q: 1223447428),$283.15,$283.15,FL,7/31/2019,4,FALSE,Yes,2,n,"2,300",Astra,$215.55,CH,$178.87,FedEx (Q: 1223452134),$283.15,$178.87
7/27/2019,The ONE Project ,3227,7/6/2019,7/20/2019,$0.00,Complete,Astra,CH Robinson,Y,Obtained,Complete,"155 Robbinsville Edinburg Rd., Robbisville NJ 08691",NJ,"150,000",RLJ,Yes,809,"1,618",7/17/2019,7/26/2019,6,FALSE,Yes,13,y,"26,300",Astra,"$2,450.00",CH,"$2,090.00",FedEx,"$2,200.00","$2,090.00",IL,7/29/2019,2,FALSE,Yes,5,n,"6,500",Astra,$928.87,CH,$707.86,FedEx,"$1,400.00",$707.86
8/10/2019,Menlo Church- North Peninsula,3280,7/20/2019,8/3/2019,"$2,000.00",Complete,CH Robinson,CH Robinson,Y,Obtained,Complete,"San Francisco Convention Center, San Francisco CA 94013",CA,"30,000",Hamburger Hero,Yes,599,"1,198",7/30/2019,8/9/2019,6,FALSE,Yes,3,n,"3,000",Astra,$653.02,CH,$641.92,FedEx (Q: 1231776015),$411.03,$411.03,SLC,8/12/2019,2,FALSE,Yes,2,n,"1,300",Astra,$297.88,CH,$358.75,FedEx (Q: 1231778914),$283.15,$283.15
8/16/2019,AVI-SPL Gives Back,3316,7/26/2019,8/9/2019,$500.00,Complete,Astra,Astra,Y,Obtained,Complete,"AVI-SPL 6301 Benjamin Road, Suite 101, Tampa FL 33634",FL,"20,000",RLJ,Yes,110,220,8/9/2019,8/15/2019,5,FALSE,Yes,3,n,"4,100",Astra,$445.46,CH,$444.40,FedEx (Q: 1231840527),$283.15,$283.15,FL,8/16/2019,6,FALSE,Yes,3,n,"4,100",Astra,$302.23,CH,$267.88,FedEx (Q: 1233886594),$282.98,$267.88
8/17/2019,The Church of Jesus Christ of Latter Day Saints,3089,7/27/2019,8/10/2019,$0.00,Complete,Astra,Astra,Y,Obtained,Complete,"Greeley CO Stake Center 501 49th Ave, Greely CO 80634",CO,"50,000",Hamburger Hero,Yes,377,754,8/5/2019,8/16/2019,6,FALSE,Yes,6,n,"4,800",Astra,$783.97,CH,$816.92,FedEx (Q: 1231873448),$446.71,$446.71,SLC,8/19/2019,2,FALSE,Yes,3,n,"2,100",Astra,$401.55,CH,$327.77,FedEx (Q: 1231906342),$283.15,$283.15
8/19/2019,Berkeley Prep- Back to School Staff HP,3296,7/29/2019,8/12/2019,$500.00,Complete,CH Robinson,CH Robinson,Y,Obtained,Complete,"Berkeley Prep 4811 Kelly Road, Tampa FL 33615",FL,"40,000",RLJ,Yes,110,220,8/12/2019,8/19/2019,2,FALSE,Yes,6,n,"8,300",Astra,$676.02,CH,$625.88,FedEx (Q: 1233876712),$305.19,$305.19,FL,8/19/2019,2,FALSE,Yes,3,n,"3,200",Astra,$310.55,CH,$228.27,FedEx (Q: 1233878277,$282.98,$228.27
8/22/2019,Red Velvet Events,3334,8/1/2019,8/15/2019,"$2,100.00",Complete,DSA,DSA,Y,Obtained,Complete,"204 E 4th Street, Austin TX 78701",TX,"20,000",IVP,Yes,207,414,8/15/2019,8/21/2019,4,FALSE,Yes,4,n,"4,000",Astra,$521.96,CH,$575.43,FedEx (Q: 1239270057),$330.42,$330.42,DFW,8/22/2019,5,FALSE,Yes,2,n,"2,250",Astra,$354.45,CH,$247.88,FedEx (Q: 1239271698),$282.98,$247.88
8/24/2019,Columbia College HP,3046,8/3/2019,8/17/2019,"$1,700.00",Complete,Astra,Astra,N,Obtained,Complete,"Columbia College (Gym) 1301 Columbia College Dr, Columbia SC 29203",SC,"30,000",RLJ,Yes,428,856,8/19/2019,8/23/2019,6,FALSE,Yes,4,n,"6,000",Astra,$708.17,CH,$696.39,FedEx (Q: 1239274641),$412.40,$412.40,FL,8/26/2019,2,FALSE,Yes,2,n,"2,100",Astra,$352.26,CH,$347.75,FedEx (Q: 1239276008),$282.98,$282.98
8/27/2019,Bishop Moore CHS Project,3031,8/6/2019,8/20/2019,$300.00,Complete,CH Robinson,CH Robinson,Y,Obtained,Complete,"3901 Edgewater Drive, Orlando 32804",FL,"35,925",RLJ,Yes,14,28,8/19/2019,8/26/2019,2,FALSE,Yes,5,n,"6,800",Astra,$589.96,CH,$479.16,FedEx (Q: 1239278780),$282.98,$282.98,FL,8/27/2019,3,FALSE,Yes,2,n,"2,400",Astra,$337.04,CH,$187.78,FedEx (Q: 1239280530),$282.98,$187.78
9/11/2019,Valley Forge Fabrics Hunger Project,2999,8/21/2019,9/4/2019,$0.00,Complete,Astra,Astra,Y,Obtained,Complete,"Valley Forge Fabrics 1650 W. McNab Road Fort Lauderdale, FL 33309 US",FL,"100,000",RLJ,Yes,94,188,8/30/2019,9/10/2019,3,FALSE,No,11,y,"17,250",Astra,$785.00,CH,$570.00,,,$570.00,FL,9/11/2019,4,FALSE,No,3,n,"4,600",Astra,$375.77,CH,$278.84,,,$278.84
9/14/2019,Youth Interfaith Project of the Ozarks,3187,8/24/2019,9/7/2019,$0.00,Complete,Astra,Astra,Y,Obtained,Complete,"South Stake Center 4450 S Farm Rd 141, Springfield MO 65810",MO,"50,000",IVP,Yes,454,908,9/10/2019,9/13/2019,6,FALSE,Yes,7,n,"10,000",Astra,"$1,015.00",CH,"$1,160.39",FedEx,,"$1,015.00",DFW,9/16/2019,2,FALSE,Yes,3,n,"3,200",Astra,$497.88,CH- Requested,$439.84,FedEx,,$439.84
9/17/2019,JPMC - Fountain Square,3330,8/27/2019,9/10/2019,"$1,250.00",Complete,Astra,Astra,Y,Obtained,Complete,"4900 Memorial Highway Tampa, FL 33634",FL,"25,000",IVP,Yes,88,176,8/26/2019,9/16/2019,2,FALSE,No,4,n,"4,091",Astra,$534.17,CH,$470.00,,,$470.00,FL,9/17/2019,3,FALSE,No,2,n,"1,807",Astra,$271.32,CH,$117.89,,,$117.89
9/17/2019,JPMC - Highland Oaks,3341,8/27/2019,9/10/2019,"$1,250.00",Complete,CH Robinson,Astra,Y,Obtained,Complete,"10430 Highland Manor Drive Tampa, FL 33610",FL,"25,000",IVP,Yes,40,80,9/6/2019,9/16/2019,2,FALSE,Yes,5,n,"4,647",Astra- Requested,,CH,$495.47,,,$495.47,FL,9/18/2019,4,FALSE,Yes,2,n,"1,832",Astra- Requested,,CH,$179.84,,,$179.84
9/17/2019,JPMC - Monroe,3356,8/27/2019,9/10/2019,"$2,000.00",Complete,Astra,Astra,Y,Obtained,Complete,"780 Kansas Ln Monroe, LA 71203 United States",LA,"20,000",RLJ,Yes,289,578,9/112019,9/16/2019,2,FALSE,No,3,n,"4,100",Astra,$556.65,CH,$596.52,FedEx,,$556.65,DFW,9/17/2109,3,FALSE,No,2,n,"1,700",Astra ,$301.32,CH,$198.77,FedEx,,$198.77
9/17/2019,JPMC - Jersey City ,7250,8/27/2019,9/10/2019,"$3,000.00",Complete,Astra,Astra,Y,Obtained,Complete,"575 Washington Blvd Jersey City, NJ 07310",NJ,"40,000",RLJ,Yes,736,"1,472",9/5/2019,9/16/2019,2,FALSE,No,5,n,"7,250",Astra-Requested,"$1,331.83",CH,"$1,271.98",,,"$1,271.98",IL,9/17/2019,3,FALSE,No,2,n,"2,250",Astra-Requsted ,$417.67,CH,$289.94,,,$289.94
9/20/2019,Univision,3337,8/30/2019,9/13/2019,$0.00,Complete,Astra,Astra,Y,Obtained,Complete,"9045 NW 41st St Miami, FL 33178",FL,"20,000",RLJ,Yes,103,206,9/13/2019,9/19/2019,5,FALSE,No,3,n,"4,100",Astra,$512.36,CH,$502.30,FedEx,$307.99,$307.99,FL,9/20/2019,6,FALSE,No,2,n,"1,700",Astra,$219.95,CH,$148.89,FedEx,$274.00,$148.89
9/20/2019,JPMC - Columbus ,3339,8/30/2019,9/13/2019,"$3,900.00",Complete,Astra,Astra,Y,Obtained,Complete,"3415 Vision Dr Columbus, OH 43219",OH,"65,000",IVP,Yes,393,786,9/6/2019,9/19/2019,5,FALSE,No,11,y,"11,000",Astra,"$1,181.00",CH,"$1,215.00",,,"$1,181.00",IL,9/20/2019,6,FALSE,No,2,n,"3,500",Astra,$423.23,CH,$327.85,,,$327.85
9/25/2019,JPMC - Long Island/Queens,3338,9/4/2019,9/18/2019,"$2,300.00",Complete,Astra,Astra,Y,Obtained,Complete,"1985 Marcus Ave New Hyde Park, NY 11042",NY,"15,000",IVP,Yes,469,938,9/16/2019,9/24/2019,3,FALSE,No,4,n,"3,268",Astra,$921.66,CH,$966.82,,,$921.66,IL,9/25/2019,4,FALSE,No,2,n,"1,651",Astra,$446.92,CH,$297.76,,,$297.76
9/25/2019,Cigna Sales Meeting - San Francisco,3348,9/4/2019,9/18/2019,"$1,000.00",Complete,Astra,Astra,Y,Obtained,Complete,"Hyatt Regency San Francisco (Embarcadero) 5 Embarcadero Center San Francisco, CA 94111 US",CA,"10,000",RLJ,Yes,292,584,9/12/2019,9/24/2019,3,FALSE,No,2,n,"2,495",Astra,$875.71,CH,$477.12,,,$477.12,SLC,9/24/2019,3,FALSE,No,2,n,"1,414",Astra,$486.93,CH,$307.84,,,$307.84
9/26/2019,Cigna Sales Meeting - Santa Clara,3349,9/5/2019,9/19/2019,"$1,000.00",Complete,Astra,Astra,Y,Obtained,Complete,"Hyatt Regency Santa Clara 5101 Great America Pkwy Santa Clara, CA 95054 United States",CA,"10,000",RLJ,Yes,292,584,9/13/2019,9/25/2019,4,FALSE,No,2,n,"2,495",Astra,$797.22,CH,$630.15,,,$630.15,SLC,9/26/2019,5,FALSE,Yes,2,n,"1,414",Astra,$461.93,CH,$318.78,,,$318.78
9/27/2019,Protiviti: i on Hunger,3260,9/6/2019,9/20/2019,$0.00,Complete,Astra,Astra,Y,Obtained,Complete,"Sheraton Tysons Hotel 8661 Leesburg Pike Tysons, VA 22182 United States",VA,"325,000",RLJ,Yes,299,598,9/16/2019,9/26/2019,5,FALSE,Yes,21,y,"42,000",Astra-Requested,"$2,150.00",CH,"$2,155.00",,,"$2,150.00",IL,9/27/2019,6,FALSE,Yes,4,n,"11,643",Astra,"$1,203.58",CH,"$1,237.85",,,"$1,203.58"
10/2/2019,Progressive Leasing: Sales Team Annual Meeting,3375,9/11/2019,9/25/2019,"$2,000.00",Complete,DSA,DSA,Y,Obtained,Complete,"Grand Summit Hotel Park City, UT United States",UT,"110,000",RLJ & IVP,Yes,10,20,9/23/2019,10/2/2019,4,FALSE,No,16,y,"19,548",Astra ,"$1,300.00",,,DSA,$700.00,$700.00,SLC,10/2/2019,4,FALSE,Yes,5,n,"6,326",Astra,$527.67,,,DSA,$700.00,$527.67
10/9/2019,JPMC - Tempe,3225,9/18/2019,10/2/2019,"$1,500.00",Complete,Astra,Astra,Y,Obtained,Complete,"100 W University Drive Tempe, AZ 85281 US",AZ,"22,500",IVP,Yes,433,866,10/2/2019,10/8/2019,3,FALSE,No,5,n,"4,258",Astra,$861.27,,,,,$861.27,DFW,10/9/2019,4,FALSE,No,2,n,"1,794",Astra,$461.11,,,,,$461.11
10/9/2019,JPMC - New Orleans,3326,9/18/2019,10/2/2019,"$1,500.00",Complete,Astra,Astra,Y,Obtained,Complete,"201 St Charles Ave New Orleans, LA 70170 US",LA,"10,000",RLJ,Yes,227,454,9/24/2019,10/8/2019,3,FALSE,No,2,n,"2,457",Astra,$489.67,,,,,$489.67,DFW,10/9/2019,4,FALSE,No,2,n,"1,367",Astra,$401.55,,,,,$401.55
10/10/2019,JPMC - South Phoenix,3342,9/19/2019,10/3/2019,"$1,500.00",Complete,Astra,Astra,Y,Obtained,Complete,"1820 E. Sky Harbor Circle South Phoenix, AZ 85034 ",AZ,"22,500",IVP,Yes,254,508,9/27/2019,10/9/2019,4,FALSE,No,4,n,"2,468",Astra,$581.33,,,,,$581.33,SLC,10/10/2019,5,FALSE,No,2,n,"1,424",Astra,$474.56,,,,,$474.56
10/11/2019,Protiviti: i on Hunger - Seattle,3386,9/20/2019,10/4/2019,"$1,000.00",Complete,Astra,Astra,Y,Obtained,Complete,"One Union Square 600 University Street Seattle, WA 98101",WA,"15,000",RLJ,Yes,349,698,10/1/2019,10/10/2019,5,FALSE,No,3,n,"3,302",Astra,$693.56,,,,,$693.56,SLC,10/11/2019,6,FALSE,No,2,n,"1,554",Astra,$648.56,,,,,$648.56
10/12/2019,John R. White Hunger Project,3394,9/21/2019,10/5/2019,"$1,725.00",Complete,Astra,Astra,Y,Obtained,Complete,"John R. White Company 200 Citation Court Birmingham, AL 35209 US",AL,"25,000",Hamburger Hero,Yes,231,462,10/4/2019,10/11/2019,6,FALSE,No,3,n,"3,460",Astra,$678.82,,,,,$678.82,FL,10/14/2019,2,FALSE,No,2,n,"1,492",Astra,$400.91,,,,,$400.91
10/12/2019,Grace Lutheran Church,3410,9/21/2019,10/5/2019,$300.00,Complete,Astra,Astra,Y,Obtained,Complete,"Grace Lutheran Church 327 Avenue C SE Winter Haven, FL 33880 US",FL,"22,142",RLJ & Hamburger Hero,Yes,29,58,10/7/2019,10/11/2019,6,FALSE,No,6,n,"5,324",Astra,$681.04,,,,,$681.04,FL,10/14/2019,2,FALSE,Yes,4,n,"3,269",Astra,$423.08,,,,,$423.08
10/15/2019,Tektronix Hunger Project,3418,9/24/2019,10/8/2019,"$2,500.00",Complete,DSA,Astra,Y,Obtained,Complete,"14150 SW Karl Braun Dr. Beaverton, 97077 OR  US",OR,"100,000",RLJ,Yes,319,638,10/7/2019,10/14/2019,2,FALSE,No,10,y,"16,614",Astra,"$1,950.00",,,,,"$1,950.00",SLC,10/15/2019,3,FALSE,Yes,2,n,"4,023",Astra,$894.38,,,,,$894.38
10/17/2019,IMG Hunger Project,3381,9/26/2019,10/10/2019,$500.00,Complete,Astra,Astra,Y,Obtained,Complete,"IMG Academy 5650 Bollettieri Blvd Bradenton, FL 34210 US",FL,"30,000",IVP,Yes,60,120,10/14/2019,10/16/2019,4,FALSE,No,5,n,"5,096",Astra,$640.39,,,,,$640.39,FL,10/15/2019,3,FALSE,Yes,2,n,"4,023",Astra,$599.17,,,,,$599.17
10/22/2019,Entergy Hunger Project,3379,10/1/2019,10/15/2019,"$2,000.00",Complete,Astra,Astra,Y,Obtained,Complete,"1340 Echelon Parkway Jackson, MS 39213 US",MS,"30,000",RLJ,Yes,294,588,10/16/2019,10/21/2019,2,FALSE,No,4,n,"5,548",Astra,$857.67,,,,,$857.67,FL,10/22/2019,3,FALSE,Yes,2,n,"1,826",Astra,$527.96,,,,,$527.96
10/24/2019,LDS Missionaries & LDS - Young Elders,3405,10/3/2019,10/17/2019,$0.00,Complete,DSA,DSA,Y,Obtained,Complete,"Salt Lake Stake Center 142 W 200 N Salt Lake City, UT 84103 US",UT,"10,000",Kidz Mac,Yes,3,6,10/15/2019,10/24/2019,5,FALSE,Yes,7,n,"7,628",Astra,,,,DSA,$262.50,$262.50,SLC,10/25/2019,6,FALSE,Yes,9,n,"7,628",Astra,,,,DSA,$262.50,$262.50
10/25/2019,Florida DECA,3211,10/4/2019,10/18/2019,$0.00,Complete,Astra,Astra,Y,Obtained,Complete,"TradeWinds Island Grand Resort 5500 Gulf Blvd St Petersburg, FL 33706 US",FL,"75,000",Mashed Potatoes,Yes,55,110,10/21/2019,10/25/2019,6,FALSE,?,10,y,"6,261",Astra,$900.00,,,,,$900.00,FL,10/25/2019,6,FALSE,Yes,11,y,"6,261",Astra,$900.00,,,,,$900.00
10/26/2019,W.H.A.M.,3292,10/5/2019,10/19/2019,"$2,500.00",Complete,Astra,Astra,Y,Obtained,Complete,"66 School Street Granby, MA 01033 US",MA,"50,000",RLJ,Yes,396,792,10/15/2019,10/25/2019,6,FALSE,No,6,n,"8,856",Astra,"$1,501.56",,,,,"$1,501.56",IL,10/28/2019,2,FALSE,Yes,2,n,"2,606",Astra,$673.45,,,,,$673.45
10/26/2019,Maschoff Brennan Corporate Retreat,3301,10/5/2019,10/19/2019,"$2,000.00",Complete,Astra,Astra,Y,Obtained,Complete,"JW Marriott Tuscon Starpass Resort 3800 West Starpass Blvd Tucson, AZ 85745 US",AZ,"25,000",RLJ,Yes,410,820,10/18/2019,10/25/2019,6,FALSE,No,4,n,"4,870",Astra,"$2,000.00",,,,,"$2,000.00",DFW,10/28/2019,2,FALSE,Yes,2,n,"1,903",Astra,$634.56,,,,,$634.56
10/29/2019,Rotary Club of Fort Worth (*),3391,10/8/2019,10/22/2019,$300.00,Complete,DSA,DSA,Y,Obtained,Complete,"Sheraton Fort Worth Downtown 1701 Commerce St. Fort Worth, TX 76102 US",TX,"20,000",RLJ,Yes,10,20,10/23/2019,10/29/2019,3,FALSE,No,11,y,"8,599",,,,,DSA,$220.00,$220.00,DFW,10/29/2019,3,FALSE,Yes,9,n,"6,019",,,,,DSA,$220.00,$220.00
11/5/2019,JPMC - Delaware,3333,10/15/2019,10/29/2019,"$3,900.00",Complete,Astra,Astra,Y,Obtained,Complete,"500 Stanton Christiana Rd. Building 3 Newark, DE 19711 US",DE,"40,000",IVP,Yes,655,"1,310",10/23/2019,11/4/2019,2,FALSE,No,7,n,"6,674",Astra,"$1,575.55",,,,,"$1,575.55",IL,11/5/2019,3,FALSE,No,2,n,"2,015",Astra,$351.87,,,,,$351.87
11/11/2019,LDS - Mid Singles,3393,10/21/2019,11/4/2019,$0.00,Complete,DSA,DSA,Y,Obtained,Complete,"4551 South 1200 East Salt Lake City, UT 84117 US",UT,"70,000",RLJ,Yes,9,18,11/1/2019,11/11/2019,2,FALSE,Yes,9,n,"12,818",,,,,DSA,$225.00,$225.00,SLC,11/11/2019,2,FALSE,Yes,9,n,"12,818",,,,,DSA,$225.00,$225.00
11/12/2019,FPL - Jupiter,3377,10/22/2019,11/5/2019,$500.00,Complete,Astra,Astra,Y,Obtained,Complete,"FPL 15430 Endeavor Drive Jupiter, FL 33478 US",FL,"22,500",RLJ,Yes,139,278,11/5/2019,11/11/2019,2,FALSE,No,3,n,"4,655",Astra,$745.31,,,,,$745.31,FL,11/12/2019,3,FALSE,Yes,2,n,"1,765",Astra,$287.37,,,,,$287.37
11/20/2019,Universal Children's Day - St. Louis,3453,10/30/2019,11/13/2019,$0.00,Complete,Astra,Astra,Y,Obtained,Complete,"Rochester Institute of Technology - Gordon Field House 35 Lomb Memorial Dr. Rochester, NY",NY,"9,000",RLJ,Yes,252,504,11/12/2019,11/19/2019,3,FALSE,Yes,4,n,"6,134",Astra,$781.44,,,,,$781.44,IL,11/20/2019,4,FALSE,Yes,2,n,"2,279",Astra,$459.86,,,,,$459.86
11/20/2019,Universal Children's Day - Hartford,3454,10/30/2019,11/13/2019,$0.00,Complete,Astra,Astra,Y,Obtained,Complete,"Milner Middle School 104 Vine Street Hartford, CT ",CT,"6,000",RLJ,Yes,367,734,11/12/2019,11/19/2019,3,FALSE,No,3,n,"4,265",Astra,$942.89,,,,,$942.89,IL,11/20/2019,4,FALSE,Yes,2,n,"1,720",Astra,$807.89,,,,,$807.89
11/20/2019,Universal Children's Day - Memphis,3455,10/30/2019,11/13/2019,$0.00,Complete,Astra,Astra,Y,Obtained,Complete,"Woodstock Middle 5885 Woodstock Cuba Rd. Millington, TN 38053 US",TN,"6,000",RLJ,Yes,464,928,11/12/2019,11/19/2019,3,FALSE,Yes,3,n,"4,189",Astra,$793.36,,,,,$793.36,IL,11/20/2019,4,FALSE,Yes,4,n,"4,189",Astra,$663.36,,,,,$663.36
11/20/2019,Universal Children's Day - Philadelphia,3456,10/30/2019,11/13/2019,$0.00,Complete,Astra,Astra,Y,Obtained,Complete,Kenderton Elementary 1500 W Ontario St.,PA,"3,000",RLJ,Yes,"1,258","2,516",11/12/2019,11/19/2019,3,FALSE,Yes,2,n,"2,682",Astra,$821.65,,,,,$821.65,IL,11/20/2019,4,FALSE,Yes,2,n,"1,393",Astra,$501.28,,,,,$501.28
11/20/2019,Universal Children's Day - Nashville,3457,10/30/2019,11/13/2019,$0.00,Complete,Astra,Astra,Y,Obtained,Complete,"H.G. Hill  150 Davidson Rd. Nashville, TN 37205 US",TN,"25,500",RLJ,Yes,202,404,11/12/2019,11/19/2019,3,FALSE,No,9,n,"14,795",Astra,"$1,661.21",,,,,"$1,661.21",IL,11/20/2019,4,FALSE,Yes,3,n,"3,940",Astra,"$1,277.00",,,,,"$1,277.00"
11/20/2019,Universal Children's Day - Tempe,3458,10/30/2019,11/13/2019,$0.00,Complete,Astra,Astra,Y,Obtained,Complete,"Holdeman Elementary  1326 W 18th St. Tempe, AZ 85281 US",AZ,"12,000",RLJ,Yes,865,"1,730",11/13/2019,11/19/2019,3,FALSE,Yes,5,n,"7,537",Astra,"$1,329.29",,,,,"$1,329.29",DFW,11/20/2019,4,FALSE,Yes,6,n,"7,537",Astra,"$1,329.29",,,,,"$1,329.29"
11/20/2019,Universal Children's Day - Dallas,3460,10/30/2019,11/13/2019,$0.00,Complete,Astra,Astra,Y,Obtained,Complete,"Camey Elementary 4949 Arbor Glen Rd. The Colony, TX",TX,"12,000",RLJ,Yes,21,42,11/13/2019,11/19/2019,3,FALSE,Yes,5,n,"7,537",,,,,Condor Express,$262.50,$262.50,DFW,11/20/2019,4,FALSE,Yes,6,n,"7,537",,,,,Condor Express,$262.50,$262.50
11/21/2019,NAIOP CFL,3185,10/31/2019,11/14/2019,$300.00,Complete,Condor Express,Condor Express,Y,Obtained,Complete,"13623 Sachs Ave Orlando, FL 32827 US",FL,"15,000",Hamburger Hero,Yes,22,44,11/15/2019,11/21/2019,5,FALSE,Yes,5,n,"6,264",,,,,Condor Express,$450.00,$450.00,FL,11/21/2019,5,FALSE,Yes,2,n,"1,939",,,,,Condor Express,$250.00,$250.00
12/2/2019,Friend-2-Friend Holladay,3282,11/11/2019,11/25/2019,$0.00,Complete,DSA,DSA,Y,Obtained,Complete,"Olympus High School 4055 S 2300 E  Holladay, UT",UT,"10,000",IVP,Yes,7,14,11/19/2019,12/2/2019,2,FALSE,Yes,3,n,"2,299",,,,,DSA,$165.00,$165.00,SLC,12/2/2019,2,FALSE,Yes,2,n,"1,399",,,,,DSA,$165.00,$165.00
12/3/2019,JPMC White Plains,3350,11/12/2019,11/26/2019,"$2,500.00",Complete,Astra,Astra,Y,Obtained,Complete,"73 Tower Rd. Hanger E1 White Plains, NY ",NY,"20,000",IVP,Yes,436,872,11/20/2019,12/2/2019,2,FALSE,No,4,n,"3,787",Astra,$954.52,,,,,$954.52,IL,12/4/2019,4,FALSE,No,2,n,"1,638",Astra,$520.33,,,,,$520.33
12/5/2019,Steelers Hunger Project,3261,11/14/2019,11/28/2019,"$1,500.00",Complete,Astra,Astra,Y,Obtained,Complete,"6038 E Hidden Valley Drive Cave Creek, AZ 85331",AZ,"15,000",IVP,Yes,237,474,11/22/2019,12/4/2019,4,FALSE,Yes,3,n,"3,061",Astra,$720.84,,,,,$720.84,SLC,12/6/2019,6,FALSE,Yes,2,n,"1,449",Astra,$439.68,,,,,$439.68
12/10/2019,JPMC - Katy Freeway,3478,11/19/2019,12/3/2019,"$1,500.00",Complete,Condor Express,Condor Express,Y,Obtained,Complete,"9900 Katy Freeway Houston, TX 77055 US",TX,"20,000",IVP,Yes,112,224,12/2/2019,12/10/2019,3,FALSE,Yes,4,n,"3,697",,,DSA,$525.00,Condor Express,$437.50,$437.50,DFW,12/10/2019,3,FALSE,Yes,4,n,"3,697",,,DSA,525,Condor Express,$437.50,$437.50
12/11/2019,CPS HR Consulting Hunger Project,3200,11/20/2019,12/4/2019,$0.00,Complete,Astra,Astra,Y,Obtained,Complete,"Hilton Arden West 2200 Harvard St Sacramento, CA",CA,"42,000",IVP,Yes,263,526,11/29/2019,12/10/2019,3,FALSE,Yes,7,n,"6,956",Astra,$990.28,,,,,$990.28,SLC,12/11/2019,4,FALSE,Yes,2,n,"2,101",Astra,$537.23,,,,,$537.23
12/11/2019,Marriott Business Council - Serve 360,3372,11/20/2019,12/4/2019,$300.00,Complete,Condor Express,Condor Express,Y,Obtained,Complete,"Gaylord Palms 6000 W Osceola Pkwy Kissimmee, FL",FL,"50,000",Hamburger Hero,Yes,17,34,12/3/2019,12/11/2019,4,FALSE,No,6,n,"6,401",,,,,Condor Express,$362.50,$362.50,FL,12/11/2019,4,FALSE,No,3,n,"2,338",,,,,Condor Express,$362.50,$362.50
12/12/2019,Travelers,3498,11/21/2019,12/5/2019,"$1,500.00",Complete,Astra,Astra,Y,Obtained,Complete,"350 Granite Street, Suite 1201 Braintree, MA 02184 US",MA,"20,000",RLJ,Yes,867,"1,734",12/2/2019,12/11/2019,4,FALSE,No,3,n,"4,389",Astra,$847.71,,,,,$847.71,IL,12/12/2019,5,FALSE,No,2,n,"1,789",Astra,$431.88,,,,,$431.88
12/18/2019,JPMC- NYC,3194,11/27/2019,12/11/2019,"$4,000.00",Complete,Astra & Condor Express,Astra & Condor Express,Y,Obtained,Complete,"450 W. 33rd St New York, NY 10001 US",NY,"40,000",RLJ,Yes,39,77,11/27/2019,12/17/2019,3,FALSE,No,4,n,"7,290",Astra,"$1,137.30",DSA,$600.00,,,$600.00,IL,12/18/2019,4,FALSE,No,2,n,"2,090",Astra,$454.12,DSA,600,,,$454.12
12/19/2019,Cigna- Bloomfield,3503,11/28/2019,12/12/2019,"$1,000.00",Complete,Astra,Astra,Y,Obtained,Complete,"900 cottage grove rd. Bloomfield, CT 06002",CT,"10,000",IVP,yes,"2,097","4,194",12/9/2019,12/13/2019,6,FALSE,No,2,n,730,Astra,$762.73,,,,,$762.73,IL,12/19/2019,5,FALSE,no,2,n,730,Astra,$473.59,,,,,$473.59
12/20/2019,Cure Bowl 2019,3411,11/29/2019,12/13/2019,$0.00,Complete,Condor Express,Condor Express,Y,Obtained,Complete,"Hard Rock Live at CityWalk Orlando 6050 Universal Blvd Orlando, FL 32819 ",FL,"20,000",Hamburger Hero,Yes,10,20,12/13/2019,12/20/2019,6,FALSE,Yes,4,n,"3,558",Condor Express,$445.00,,,Condor express,$445.00,$445.00,FL,12/20/2019,6,FALSE,Yes,3,n,"1,955",Condor Express,$420.00,,,Condor Express ,$420.00,$420.00
1/7/2020,CLA Hunger Project,3507,12/17/2019,12/31/2019,$0.00,Complete,Astra,Astra,Y,Obtained,Complete,"310 Eagle Street St Paul, MN 55102 US",MN,"100,000",Hamburger Hero,Yes,668,"1,336",12/27/2019,1/3/2020,6,FALSE,No,11,y,"11,762",Astra,"$1,500.00",,,,,"$1,500.00",IL,1/8/2020,4,FALSE,No,12,y,"11,762",Astra,"$1,500.00",,,,,"$1,500.00"
1/11/2020,LDS - Springdale,3416,12/21/2019,1/4/2020,$0.00,Complete,Astra,Astra,Y,Obtained,Complete,"6738 Lynch's Prairie Cove Springdale, AR 72762",AR,"40,000",RLJ,Yes,582,"1,164",1/3/2020,1/7/2020,3,FALSE,Yes,5,n,"7,912",Astra,$921.70,,,,,$921.70,DFW,1/13/2020,2,FALSE,Yes,3,n,"2,669",Astra,$574.31,,,,,$574.31
1/11/2020,LDS - Bentonville,3514,12/21/2019,1/4/2020,$0.00,Complete,Astra,Astra,Y,Obtained,Complete,"1101 McCollum Drive Bentonville, AR 72712",AR,"40,000",RLJ,Yes,582,"1,164",1/3/2020,1/7/2020,3,FALSE,Yes,5,n,"7,912",Astra,$957.45,,,,,$957.45,DFW,1/13/2020,2,FALSE,Yes,3,n,"2,669",Astra,$476.70,,,,,$476.70
1/18/2020,Birthday Party,3413,12/28/2019,1/11/2020,$500.00,,Condor Express,Condor Express,Y,Obtained,Complete,"11535 Osprey Trail Parkland, FL 33076",FL,"18,000",RLJ,Yes,356,712,1/13/2020,1/16/2020,5,FALSE,Yes,3,n,"3,843",Condor Express,$750.00,,,,,$750.00,FL,1/16/2020,5,FALSE,Yes,2,n,"1,659",Condor Express,$750.00,,,,,$750.00
1/18/2020,FASTSIGNS Hunger Project,3519,12/28/2019,1/11/2020,"$2,000.00",,Astra,Astra,Y,Obtained,Complete,"Phoenix Convention Center West Hall 100 N Third Street Phoenix, AZ 85004",AZ,"20,000",Hamburger Hero,Yes,"1,746","3,492",1/10/2020,1/14/2020,3,FALSE,No,4,n,"3,558",Astra,$841.37,,,,,$841.37,DFW,1/20/2020,2,FALSE,No,3,n,"1,955",Astra,$521.06,,,,,$521.06
1/19/2020,Islamic Relief - Episcopal HS,3520,12/29/2019,1/12/2020,"$2,500.00",,Astra,Astra,Y,Obtained,Complete,"Episcopal HS 1200 N Quarter Ln Alexandria, VA 22302",VA,"100,000",RLJ,Yes,"1,216","2,432",1/6/2020,1/17/2020,6,FALSE,No,12,y,"17,998",Astra,"$2,945.00",,,,,"$2,945.00",IL,1/20/2020,2,FALSE,No,4,n,"5,167",Astra,$909.72,,,,,$909.72
1/20/2020,Islamic Relief HQ Hunger Project,3521,12/30/2019,1/13/2020,"$2,500.00",,Astra,Astra,Y,Obtained,Complete,"Islamic Relief HQ 3655 Wheeler Ave Alexandria, VA 22304",VA,"25,000",RLJ,Yes,"1,214","2,428",1/7/2020,1/14/2020,3,FALSE,No,4,n,"5,256",Astra,$866.56,,,,,$866.56,IL,1/20/2020,2,FALSE,No,2,n,"2,126",Astra,$525.12,,,,,$525.12
1/20/2020,Islamic Relief - Harrisburg,3546,12/30/2019,1/13/2020,"$2,500.00",,Astra,Astra,Y,Obtained,Complete,"Islamic Society of Greater Harrisburg 407 N Front St Steelton, PA 17113",PA,"25,000",IVP,Yes,"1,178","2,356",1/7/2020,1/14/2020,3,FALSE,Yes,5,n,"4,509",Astra,$962.28,,,,,$962.28,IL,1/20/2020,2,FALSE,Yes,2,n,"1,643",Astra,$563.21,,,,,$563.21
1/23/2020,Snap Finance Hunger Project,3508,1/2/2020,1/16/2020,$0.00,,DSA,DSA,Y,Obtained,Complete,"Hilton Salt Lake City Center 255 South West Temple Salt Lake City, UT 84101",UT,"30,000",RLJ,Yes,7,14,1/13/2020,1/23/2020,5,FALSE,No,4,n,"6,056",DSA,$225.00,,,,,$225.00,SLC,1/23/2020,5,FALSE,No,2,n,"2,092",DSA,$225.00,,,,,$225.00
1/24/2020,UT Dallas - MLK Day of Service,3485,1/3/2020,1/17/2020,$300.00,,DSA,DSA,Y,Obtained,Complete,"UT-Dallas- Student Union 800 W Campbell Rd in Richardson, TX 75080",TX,"25,000",RLJ,Yes,40,80,1/13/2020,1/23/2020,5,FALSE,No,4,n,"5,165",DSA,$250.00,,,,,$250.00,DFW,1/24/2020,6,FALSE,No,3,n,"2,135",DSA,$250.00,,,,,$250.00
1/24/2020,Numotion,3549,1/3/2020,1/17/2020,$800.00,,Condor Express,Condor Express,,,Complete,"100 N Third Street Phoenix, AZ 85004",AZ,"108,000",IVP,Yes,20,40,1/21/2020,1/23/2020,5,FALSE,Yes,18,y,"17,578",Condor Express,$425.00,,,,,$425.00,DFW,1/24/2020,6,FALSE,Yes,4,n,"4,822",Condor Express,$425.00,,,,,$425.00
1/28/2020,Modernizing Medicine,3560,1/7/2020,1/21/2020,$500.00,,Condor Express,Condor Express,,,Complete,"Renaissance Hotel 2000 NW 19th Street Boca Raton, FL 33431",FL,"25,000",IVP,Yes,178,356,1/23/2020,1/27/2020,2,FALSE,Yes,5,n,"4,623",Condor Express,"$1,062.50",,,,,"$1,062.50",FL,1/28/2020,3,FALSE,Yes,2,n,"1,758",Condor Express,"$1,062.50",,,,,"$1,062.50"
1/28/2020,Aya Healthcare - San Diego,3577,1/7/2020,1/21/2020,"$2,500.00",,Astra,Astra,,,Complete,"Cutwater Spirits 9750 Distribution Ave San Diego, CA 92121",CA,"15,000",RLJ,Yes,615,"1,230",1/17/2020,1/27/2020,2,FALSE,Yes,5,n,"5,432",Astra,$968.20,,,,,$968.20,SLC,1/28/2020,3,FALSE,Yes,2,n,"1,972",Astra,$510.45,,,,,$510.45
1/30/2020,Cigna - Philadelphia,3502,1/9/2020,1/23/2020,"$2,000.00",,Astra,Astra,,,Complete,"Cigna 1601 Chestnut St Philadelphia, PA 19192",PA,"20,000",RLJ,Yes,680,"1,360",1/16/2020,1/29/2020,4,FALSE,No,3,n,"4,149",Astra,$975.56,,,,,"$1,065.49",IL,1/30/2020,5,FALSE,No,2,n,"1,764",Astra,$387.63,,,,,$454.42
2/7/2020,Aya Healthcare - Seattle,3578,1/17/2020,1/31/2020,"$2,500.00",,Astra,Astra,,,Complete,"1550 N 115th Street Seattle, WA 98133",WA,"15,000",RLJ,Yes,704,"1,408",1/27/2020,2/5/2020,4,FALSE,Yes,2,n,"3,297",Astra,$833.74,,,,,$833.74,SLC,2/7/2020,6,FALSE,Yes,4,n,"3,297",Astra,$545.84,,,,,$545.84
2/13/2020,FDF 2020,3593,1/23/2020,2/6/2020,"$2,000.00",,Astra,Astra,,,,"Marriott Anaheim 700 W Convention Way Anaheim, CA 92802",CA,"35,000",IVP,Yes,580,"1,160",2/6/2020,2/7/2020,6,FALSE,No,7,n,"6,245",Astra,$953.25,,,,,$953.25,FL,2/13/2020,5,FALSE,No,2,n,"2,140",Astra,$537.28,,,,,$537.28
2/14/2020,Cypress Bay HS,3589,1/24/2020,2/7/2020,$0.00,,Astra,Astra,,,In Progress,"Cypress Bay High School 18600 Vista Park Blvd Weston, FL 33332",FL,"25,000",Mashed Potatoes,Yes,190,380,1/24/2020,2/13/2020,5,FALSE,Yes,4,n,"2,543",Astra,$526.56,,,,,$526.56,FL,2/14/2020,6,FALSE,Yes,4,n,"2,543",Astra,$314.15,,,,,$314.15
2/18/2020,Arbor Pharmaceuticals,3509,1/28/2020,2/11/2020,$0.00,,Condor Express,Condor Express,,,Complete,"JW Marriott Orlando, Grande Lakes 4040 Central Florida Parkway Orlando, FL 32837",FL,"60,000",RLJ,Yes,23,46,2/12/2020,2/17/2020,2,FALSE,No,8,n,"11,472",Condor Express,$475.00,,,,,$475.00,FL,2/18/2020,3,FALSE,No,9,n,"11,472",Condor Express,$475.00,,,,,$475.00
2/25/2020,Ascend Learning HP,3583,2/4/2020,2/18/2020,$500.00,,DSA,DSA,,,,"Driscoll Hotel 604 Brazo St Austin, TX 78701",TX,"20,000",IVP,Yes,179,358,2/20/2020,2/25/2020,3,FALSE,Yes,4,n,"4,064",DSA,$387.50,,,,,$387.50,DFW,2/25/2020,3,FALSE,Yes,4,n,"4,064",DSA,$387.50,,,,,$387.50
3/6/2020,24 Hour Fitness Opening,3615,2/14/2020,2/28/2020,9/26/1902,,Condor Express,Condor Express,,,,"560 South Schmale Rd Carol Stream, IL 60188",IL,10000,RLJ,Yes,15,30,2/25/2020,3/5/2020,5,FALSE,Yes,2,n,"2,610",Condor Express,190,,,,,$190.00,IL,3/6/2020,6,FALSE,Yes,2,n,"1,366",Condor Express,190,,,,,$190.00